"","ID","Description","GeneRatio","BgRatio","pvalue","p.adjust","qvalue","geneID","Count"
"cel04350","cel04350","TGF-beta signaling pathway","8/14","40/3392",5.09290048326008e-13,9.67651091819416e-12,6.43313745253905e-12,"178494/178840/178447/178495/173729/178839/178493/3565956",8
"cel04310","cel04310","Wnt signaling pathway","7/14","72/3392",4.40758664275786e-09,4.18720731061997e-08,2.78373893226812e-08,"178494/178840/178447/178495/173729/178839/178493",7
"cel04120","cel04120","Ubiquitin mediated proteolysis","7/14","87/3392",1.70070246051723e-08,1.07711155832758e-07,7.16085246533572e-08,"178494/178840/178447/178495/173729/178839/178493",7
"cel04141","cel04141","Protein processing in endoplasmic reticulum","7/14","136/3392",3.87842225322027e-07,1.84225057027963e-06,1.22476492206956e-06,"178494/178840/178447/178495/173729/178839/178493",7
"cel03015","cel03015","mRNA surveillance pathway","3/14","69/3392",0.00249764530658297,0.00949105216501528,0.0063098407745254,"177260/173921/174513",3
"cel00350","cel00350","Tyrosine metabolism","2/14","24/3392",0.00414611187541386,0.0131293542721439,0.00872865657981865,"179627/181639",2
"cel00071","cel00071","Fatty acid degradation","2/14","51/3392",0.0179728170785954,0.0487833606419018,0.0324321511192699,"179627/3565680",2
